index,mean,standard_deviation
gender,0.5158730158730159,0.5007425081895881
PPE,0.7462842195767196,0.11999588747317114
DFA,0.7004139417989418,0.06628354996526943
RPDE,0.48905760582010577,0.1271952081980079
numPulses,323.97222222222223,93.22776055792298
numPeriodsPulses,322.67857142857144,93.39936641173728
meanPeriodPulses,0.006360002284391535,0.0017000566078662898
stdDevPeriodPulses,0.0003829400833333334,0.0005341493828068412
locPctJitter,0.0023244265277777777,0.002384886306944493
locAbsJitter,1.6733911375661378e-05,2.0748558335142285e-05
rapJitter,0.0006049931626984128,0.000885601601017576
ppq5Jitter,0.001158966501322751,0.0015665071233872802
ddpJitter,0.0018150854973544973,0.0026568982819311126
locShimmer,0.06747323413492065,0.03759566144989814
locDbShimmer,0.6064195357804233,0.33441086232919487
apq3Shimmer,0.03437513483862434,0.019435756289410164
apq5Shimmer,0.04117476328042328,0.02374626356825356
apq11Shimmer,0.05536636172619047,0.02854093547205552
ddaShimmer,0.1031253249074074,0.05830697845123216
meanAutoCorrHarmonicity,0.9615082010582011,0.05948140609709421
meanNoiseToHarmHarmonicity,0.05113138359788359,0.09647703860733403
meanHarmToNoiseHarmonicity,18.859632275132274,5.21263843035652
minIntensity,70.82860927228836,8.485445011200495
maxIntensity,76.13537094056878,6.292306839644833
meanIntensity,73.9970077720238,6.893483536617831
f1,647.1745190084656,128.98065679191592
f2,1233.852087708069,158.7134577692745
f3,2562.425251033069,355.9736813975846
f4,3547.2592435304236,315.9675033106517
b1,213.36323654961637,202.72244735079676
b2,297.1740772244709,286.38688569293015
b3,536.8210698598546,502.54999447834126
b4,506.6048555485582,417.7909042442448
GQ_prc5_95,0.9044226058201059,0.10062939876736501
GQ_std_cycle_open,32.295832142857144,26.557217195765737
GQ_std_cycle_closed,4.4548403174603175,5.329236384464811
GNE_mean,1.0925027645502645,0.3215474103075707
GNE_std,0.21503798544973543,0.1115700300148246
GNE_SNR_TKEO,0.1448323015873016,0.0540100413681932
GNE_SNR_SEO,1567618.0410996033,267755.5250292392
GNE_NSR_TKEO,1.639263888888889,0.05855851461305582
GNE_NSR_SEO,3.021510185185185,0.03255916326191703
VFER_mean,0.001789521521164021,0.0022949144079280662
VFER_std,0.0014997809126984128,0.0016717318201266607
VFER_entropy,4.020686321428571,5.5712119283241535
VFER_SNR_TKEO,102.78782281746032,114.90635851867235
VFER_SNR_SEO,246.16091772486777,232.35067176551593
VFER_NSR_TKEO,1.2305033994708996,0.06736082067733493
VFER_NSR_SEO,1.2662003968253968,0.07941530318862561
IMF_SNR_SEO,59.85239094708995,109.8881209153649
IMF_SNR_TKEO,2.147574527513228,2.015807137550289
IMF_SNR_entropy,12.405694933862433,10.130823542275104
IMF_NSR_SEO,0.2104606865079365,0.05654028728220268
IMF_NSR_TKEO,12.162500264550264,8.135505390905031
IMF_NSR_entropy,0.180159876984127,0.029194962344593012
mean_Log_energy,9.832617724867726,0.4959186460325102
mean_MFCC_0th_coef,14.938332275132277,2.131979767026608
mean_MFCC_1st_coef,6.29485958994709,1.559134970001959
mean_MFCC_2nd_coef,1.2638363889417987,1.6032308726005853
mean_MFCC_3rd_coef,0.1944285560846561,1.5887340946500834
mean_MFCC_4th_coef,-1.426049942685185,1.232836080806935
mean_MFCC_5th_coef,-0.8044900112301587,0.9989838280067349
mean_MFCC_6th_coef,-1.1844183444444443,0.7953922450475853
mean_MFCC_7th_coef,0.10661448835978835,0.7748302588305916
mean_MFCC_8th_coef,0.4052093416666666,0.8075275093435583
mean_MFCC_9th_coef,0.09813846322751323,0.7846089563322993
mean_MFCC_10th_coef,-0.6845745510846561,0.7001084044096646
mean_MFCC_11th_coef,-0.3194368548941799,0.5563928098453975
mean_MFCC_12th_coef,-0.10897960661375661,0.5806133050562363
mean_delta_log_energy,-0.001345586568783069,0.003845467660682063
mean_0th_delta,-0.003914752023809524,0.009736842393754977
mean_1st_delta,-0.0005971080291005291,0.003420608326297924
mean_2nd_delta,0.001012143208994709,0.003446123318428085
mean_3rd_delta,0.00041774115079365085,0.002820790086361248
mean_4th_delta,0.00017474996031746035,0.002077851809933231
mean_5th_delta,0.0002938305687830688,0.002468625182354258
mean_6th_delta,0.000824022394179894,0.0024273150816723557
mean_7th_delta,4.728779100529099e-05,0.0019389705521229825
mean_8th_delta,-0.00036603226190476195,0.0019163652389917688
mean_9th_delta,0.0003830173280423281,0.0018802578829421731
mean_10th_delta,0.0001312912962962963,0.0016543494368728828
mean_11th_delta,2.5882832010581993e-05,0.0016076477796826882
mean_12th_delta,0.00016891056878306883,0.0014444352418230889
mean_delta_delta_log_energy,-3.072059920634921e-05,0.00029170675402697907
mean_delta_delta_0th,-9.784337301587301e-05,0.0006868633618611143
mean_1st_delta_delta,6.465589947089944e-06,0.0004433294706364824
mean_2nd_delta_delta,7.627685185185185e-06,0.00034155745015686164
mean_3rd_delta_delta,1.7678571428570728e-07,0.0003009400974650804
mean_4th_delta_delta,3.648109788359789e-05,0.0002800278667638771
mean_5th_delta_delta,2.2050831613756615e-05,0.0002523867445689002
mean_6th_delta_delta,2.7112515873015875e-05,0.00028193229889690325
mean_7th_delta_delta,3.3983730158730085e-06,0.0002890383859668589
mean_8th_delta_delta,1.3355551587301586e-05,0.00020576986730230933
mean_9th_delta_delta,1.6675625661375663e-05,0.0001919588277127266
mean_10th_delta_delta,-7.465109259259261e-06,0.00018803062793253675
mean_11th_delta_delta,7.82532275132275e-06,0.00019392432982225785
mean_12th_delta_delta,-6.141353174603178e-06,0.00016870348311498747
std_Log_energy,0.28507103174603177,0.27054567335595514
std_MFCC_0th_coef,0.8976771693121693,0.5691535456660487
std_MFCC_1st_coef,0.5730893121693122,0.2855832734214926
std_MFCC_2nd_coef,0.4658394444444444,0.1488001850409334
std_MFCC_3rd_coef,0.4161872883597884,0.14328382199353334
std_MFCC_4th_coef,0.3775841931216931,0.12199244647735938
std_MFCC_5th_coef,0.35217035714285716,0.11631821696978879
std_MFCC_6th_coef,0.3455082671957672,0.10641951900008693
std_MFCC_7th_coef,0.30998825396825397,0.08015148793385247
std_MFCC_8th_coef,0.2862433201058201,0.07017451474344137
std_MFCC_9th_coef,0.27630603174603174,0.06458082795803859
std_MFCC_10th_coef,0.2721332671957672,0.0652957774036113
std_MFCC_11th_coef,0.2575584788359789,0.06069928398831494
std_MFCC_12th_coef,0.2458603835978836,0.05378558021137965
std_delta_log_energy,0.03751723452380952,0.02577917016807326
std_0th_delta,0.10885329497354498,0.05263851721509315
std_1st_delta,0.07283378571428573,0.0347009672046913
std_2nd_delta,0.05966148544973545,0.02005172178667544
std_3rd_delta,0.054477595238095235,0.0201978238463375
std_4th_delta,0.050270933862433864,0.01688709504531596
std_5th_delta,0.04573285052910053,0.015343972333793667
std_6th_delta,0.04473626984126984,0.013169986063481137
std_7th_delta,0.04154800396825397,0.011858654976538185
std_8th_delta,0.03867042328042328,0.010002741278046866
std_9th_delta,0.037198931216931214,0.00988529870340956
std_10th_delta,0.03680469047619048,0.010103959678069667
std_11th_delta,0.03454516666666667,0.008637744351281047
std_12th_delta,0.03305601851851851,0.00830233674363442
std_delta_delta_log_energy,0.013871830423280425,0.007963178148638289
std_delta_delta_0th,0.04662763624338625,0.02002486760960383
std_1st_delta_delta,0.035364328042328044,0.017689196013055124
std_2nd_delta_delta,0.027560002645502645,0.00972572350539545
std_3rd_delta_delta,0.02576066931216931,0.00992860337527963
std_4th_delta_delta,0.023900121957671955,0.008518007511270798
std_5th_delta_delta,0.02184229126984127,0.007414554861795666
std_6th_delta_delta,0.021152377910052908,0.0062092032056446445
std_7th_delta_delta,0.019707589682539682,0.005516251099085526
std_8th_delta_delta,0.018312348015873017,0.004626463877497848
std_9th_delta_delta,0.01776672208994709,0.0046325205038684905
std_10th_delta_delta,0.017583791666666668,0.004774581291422173
std_11th_delta_delta,0.016479778174603173,0.003942675528087866
std_12th_delta_delta,0.015843102380952382,0.003804890077639032
Ea,99.92917328042327,0.2501562121966437
Ed_1_coef,0.002725522391137566,0.01876733508905922
Ed_2_coef,0.00269485648941799,0.0164012918743836
Ed_3_coef,0.002500349314814815,0.013978541055663896
Ed_4_coef,0.004060682843915345,0.017661405349337043
Ed_5_coef,0.003766716812169312,0.01871088935918918
Ed_6_coef,0.00398725271957672,0.013017343799131196
Ed_7_coef,0.0032351249153439155,0.012521394649952812
Ed_8_coef,0.01331935585978836,0.05149613523274604
Ed_9_coef,0.0035283084232804233,0.015152357522558387
Ed_10_coef,0.03100724975132275,0.10885942990234922
det_entropy_shannon_1_coef,-72656.51203079364,466953.79611877043
det_entropy_shannon_2_coef,-76930.8766968135,472940.5343075899
det_entropy_shannon_3_coef,-83856.80139716402,504237.4938897825
det_entropy_shannon_4_coef,-141571.10667092592,619239.0491503906
det_entropy_shannon_5_coef,-130483.46906460318,509634.70643670246
det_entropy_shannon_6_coef,-167211.63540634917,709024.3361538721
det_entropy_shannon_7_coef,-151631.74503186508,866811.0670506002
det_entropy_shannon_8_coef,-699312.0332113096,3582393.8436001535
det_entropy_shannon_9_coef,-113984.10698703837,384566.99046730273
det_entropy_shannon_10_coef,-1392096.6670079099,5504863.788441127
det_entropy_log_1_coef,-587.7970027777778,187.83111275025612
det_entropy_log_2_coef,-158.0070455026455,101.63877019212731
det_entropy_log_3_coef,-20.925653157407403,58.013767080159546
det_entropy_log_4_coef,30.693963544973542,39.70802732108963
det_entropy_log_5_coef,18.82426367063492,32.31503198717637
det_entropy_log_6_coef,8.895947873015873,28.835281507602645
det_entropy_log_7_coef,1.9932989312169307,28.678717278681656
det_entropy_log_8_coef,15.385038062169311,28.42553224977841
det_entropy_log_9_coef,12.220856839947091,29.358936859297522
det_entropy_log_10_coef,32.59187623941799,30.206195892644025
det_TKEO_mean_1_coef,68.62689387503968,414.8736408864493
det_TKEO_mean_2_coef,126.64664924814817,688.9005253869441
det_TKEO_mean_3_coef,248.29154267724869,1435.9962803869767
det_TKEO_mean_4_coef,564.8669889021164,2258.5064637904925
det_TKEO_mean_5_coef,583.5193165079365,2119.3897999266287
det_TKEO_mean_6_coef,843.1019433333333,3335.5084099733567
det_TKEO_mean_7_coef,942.633493839947,4538.68036256832
det_TKEO_mean_8_coef,4907.631608144181,24336.977612958894
det_TKEO_mean_9_coef,795.7218317777778,2471.959320175452
det_TKEO_mean_10_coef,9683.442420251324,36456.39307776195
det_TKEO_std_1_coef,264.3311465857407,1380.100692227549
det_TKEO_std_2_coef,379.4056170013227,1800.5736775149512
det_TKEO_std_3_coef,526.4381346402116,2287.3249787085615
det_TKEO_std_4_coef,1117.7722140873016,3897.869083607946
det_TKEO_std_5_coef,1346.1727732142858,4904.895536328447
det_TKEO_std_6_coef,2032.2679686904764,7819.164399021892
det_TKEO_std_7_coef,2041.028418412698,10741.452717426235
det_TKEO_std_8_coef,10423.578961402116,51438.01554347677
det_TKEO_std_9_coef,1650.7761766666667,5028.901024983566
det_TKEO_std_10_coef,19000.815638955024,73947.47494158322
app_entropy_shannon_1_coef,-80959809.49268517,51172935.5477283
app_entropy_shannon_2_coef,-97154189.88007936,60842858.48440841
app_entropy_shannon_3_coef,-128238448.56915344,79569592.25528097
app_entropy_shannon_4_coef,-185436683.71228835,114017374.65006997
app_entropy_shannon_5_coef,-300820060.80390203,183607384.4230894
app_entropy_shannon_6_coef,-537759705.054074,326360668.1416436
app_entropy_shannon_7_coef,-1060340868.4695766,641252358.8315668
app_entropy_shannon_8_coef,-2079214437.8043652,1252069441.616688
app_entropy_shannon_9_coef,-4337054836.528835,2604679110.5652637
app_entropy_shannon_10_coef,-9029632763.215607,5410054982.636665
app_entropy_log_1_coef,1176.8832231481483,75.29311564994431
app_entropy_log_2_coef,707.4556636243386,41.26661470754393
app_entropy_log_3_coef,467.4154236772487,24.350332366260012
app_entropy_log_4_coef,338.20195330687835,15.487222175758147
app_entropy_log_5_coef,274.2801628306878,11.183539873909028
app_entropy_log_6_coef,245.09944708994712,9.239729444380037
app_entropy_log_7_coef,241.80046005291004,8.646656959255447
app_entropy_log_8_coef,237.23574021164023,8.05636155044555
app_entropy_log_9_coef,247.63390753968253,8.055435543966134
app_entropy_log_10_coef,258.0375447089947,8.052773395575578
app_det_TKEO_mean_1_coef,1454.8711597883598,1271.643006696083
app_det_TKEO_mean_2_coef,4848.55463531746,3335.106246189625
app_det_TKEO_mean_3_coef,14970.196598677248,9108.784582598393
app_det_TKEO_mean_4_coef,42399.69087367725,24672.62186356547
app_det_TKEO_mean_5_coef,108903.84493346562,62721.97690549562
app_det_TKEO_mean_6_coef,254656.62120462963,145764.58820939198
app_det_TKEO_mean_7_coef,539202.8567687831,306958.5692456369
app_det_TKEO_mean_8_coef,1145423.4473030423,649299.2588293665
app_det_TKEO_mean_9_coef,2290897.5754474867,1297475.116241657
app_det_TKEO_mean_10_coef,4575961.424343916,2589262.1136108823
app_TKEO_std_1_coef,10366.353800132276,8111.378260761804
app_TKEO_std_2_coef,26271.732506613756,17424.75668601054
app_TKEO_std_3_coef,65011.57598994709,40282.33745912673
app_TKEO_std_4_coef,151127.68054378306,86887.67913982575
app_TKEO_std_5_coef,338214.3752861111,194951.67775865932
app_TKEO_std_6_coef,724589.1347011905,416426.731203382
app_TKEO_std_7_coef,1484332.9649415342,855649.9430100004
app_TKEO_std_8_coef,3031455.0989116402,1724042.8846950433
app_TKEO_std_9_coef,6073892.7763320105,3425788.3236207147
app_TKEO_std_10_coef,12099556.098359788,6830894.76273066
Ea2,99.99647936507938,0.010472684896651662
Ed2_1_coef,6.735496870370371e-05,0.00033142044339502905
Ed2_2_coef,7.83786671957672e-05,0.0003372216386027603
Ed2_3_coef,9.86954671957672e-05,0.00038725197547670616
Ed2_4_coef,0.00018250880555555556,0.0005813915918504627
Ed2_5_coef,0.00017377167592592593,0.0006098778769738755
Ed2_6_coef,0.00021320009986772488,0.0006479028162753767
Ed2_7_coef,0.0001799788138888889,0.0006863158491347324
Ed2_8_coef,0.0007555094444444444,0.0025599847552027055
Ed2_9_coef,0.00017422771517195765,0.0005811560269281248
Ed2_10_coef,0.0016019813582010584,0.005547104051761991
det_LT_entropy_shannon_1_coef,0.28925316445767196,0.9146051399324965
det_LT_entropy_shannon_2_coef,0.3367433632671958,0.8528103702438259
det_LT_entropy_shannon_3_coef,0.29595881825396825,0.8009990356558753
det_LT_entropy_shannon_4_coef,0.08165911679894182,1.4519943569388847
det_LT_entropy_shannon_5_coef,-0.09208699537037039,2.7161840110587954
det_LT_entropy_shannon_6_coef,-0.6080084388492063,4.688169537049164
det_LT_entropy_shannon_7_coef,-0.626014309920635,7.019242042919692
det_LT_entropy_shannon_8_coef,-7.717106264153439,35.863667044847
det_LT_entropy_shannon_9_coef,-0.3732871824867725,2.65002782798639
det_LT_entropy_shannon_10_coef,-19.233313464285715,88.77416670243687
det_LT_entropy_log_1_coef,-1689.5843054232805,188.8314042425101
det_LT_entropy_log_2_coef,-780.6551847883597,102.24589176469405
det_LT_entropy_log_3_coef,-408.90153148148147,60.11908100142144
det_LT_entropy_log_4_coef,-234.90387182539683,40.77862057310729
det_LT_entropy_log_5_coef,-185.56917817460317,32.66195449385397
det_LT_entropy_log_6_coef,-164.89661018518518,29.44244395926823
det_LT_entropy_log_7_coef,-161.49204576719578,29.50053862147856
det_LT_entropy_log_8_coef,-138.0798791005291,28.840723272092518
det_LT_entropy_log_9_coef,-141.2582689153439,29.943399765845214
det_LT_entropy_log_10_coef,-120.69381666666666,31.145610540170757
det_LT_TKEO_mean_1_coef,0.0022042183734126987,0.010481765521445563
det_LT_TKEO_mean_2_coef,0.004415275119047619,0.016890997236169443
det_LT_TKEO_mean_3_coef,0.010135851984126986,0.03950570272071388
det_LT_TKEO_mean_4_coef,0.026271740119047617,0.07674908750595828
det_LT_TKEO_mean_5_coef,0.029686201825396823,0.09812333997200517
det_LT_TKEO_mean_6_coef,0.04496475671957672,0.14937454438553344
det_LT_TKEO_mean_7_coef,0.04872032805555556,0.19750606036064644
det_LT_TKEO_mean_8_coef,0.25371539576719576,0.9100880304502464
det_LT_TKEO_mean_9_coef,0.04452597268518518,0.13547761983717
det_LT_TKEO_mean_10_coef,0.5296779969973545,1.9045896201653327
det_LT_TKEO_std_1_coef,0.008568374974603174,0.034210639612224036
det_LT_TKEO_std_2_coef,0.013641811781746033,0.04566270193576716
det_LT_TKEO_std_3_coef,0.022967719325396825,0.06955003890011006
det_LT_TKEO_std_4_coef,0.05310831945767196,0.14123599284987887
det_LT_TKEO_std_5_coef,0.0677352360978836,0.2215267755903851
det_LT_TKEO_std_6_coef,0.1069056791931217,0.35018332674125474
det_LT_TKEO_std_7_coef,0.10292384626984129,0.45137739293175533
det_LT_TKEO_std_8_coef,0.5393705690079366,1.9248355511892343
det_LT_TKEO_std_9_coef,0.09457513156084656,0.28734278785700873
det_LT_TKEO_std_10_coef,1.0279976885846562,3.7846740610699445
app_LT_entropy_shannon_1_coef,-22509.212377248678,3079.777764987395
app_LT_entropy_shannon_2_coef,-29894.43705489418,3927.606747741832
app_LT_entropy_shannon_3_coef,-42827.69158915344,5425.133766895213
app_LT_entropy_shannon_4_coef,-66285.95472698413,8136.3764248674315
app_LT_entropy_shannon_5_coef,-113818.0923744709,13646.022250218064
app_LT_entropy_shannon_6_coef,-213606.27830634924,25238.955592280443
app_LT_entropy_shannon_7_coef,-439637.5855526455,51416.366489883876
app_LT_entropy_shannon_8_coef,-895238.5328580687,103806.39226248921
app_LT_entropy_shannon_9_coef,-1931097.8933928572,222276.57741262863
app_LT_entropy_shannon_10_coef,-4143374.954075397,473910.20636804827
app_LT_entropy_log_1_coef,425.62907764550266,20.88689930793217
app_LT_entropy_log_2_coef,282.7115777777778,12.034859838616294
app_LT_entropy_log_3_coef,202.51148068783067,7.114366390973782
app_LT_entropy_log_4_coef,156.68585582010581,4.230863084441364
app_LT_entropy_log_5_coef,134.48258664021162,2.675590488682374
app_LT_entropy_log_6_coef,126.16441124338624,1.9739765964786562
app_LT_entropy_log_7_coef,129.8425906084656,1.7960068613080002
app_LT_entropy_log_8_coef,132.19790052910054,1.5826360384214642
app_LT_entropy_log_9_coef,142.595157010582,1.5825991330851439
app_LT_entropy_log_10_coef,152.9926305555556,1.5824567445612796
app_LT_TKEO_mean_1_coef,0.9946729761904761,0.1415060254801673
app_LT_TKEO_mean_2_coef,3.5027427248677245,0.4398435028592646
app_LT_TKEO_mean_3_coef,11.198119312169311,1.2730199781188596
app_LT_TKEO_mean_4_coef,32.61181441798942,3.5221327427895512
app_LT_TKEO_mean_5_coef,84.6188425925926,8.92217712054214
app_LT_TKEO_mean_6_coef,198.87380846560848,20.800631688013215
app_LT_TKEO_mean_7_coef,422.4105328042328,44.094764625608825
app_LT_TKEO_mean_8_coef,900.2929078042329,93.8407428886312
app_LT_TKEO_mean_9_coef,1800.6734645502645,187.63967981750983
app_LT_TKEO_mean_10_coef,3601.7257318783068,375.1375940445114
app_LT_TKEO_std_1_coef,7.261524338624339,0.8253643157172268
app_LT_TKEO_std_2_coef,19.15316150793651,2.0858641251213346
app_LT_TKEO_std_3_coef,48.13569140211639,5.076903510057133
app_LT_TKEO_std_4_coef,115.21364140211641,11.950469515442235
app_LT_TKEO_std_5_coef,260.5824474867725,27.169420379133214
app_LT_TKEO_std_6_coef,561.6878433862435,58.596853688144286
app_LT_TKEO_std_7_coef,1154.2696777777778,120.14800558750927
app_LT_TKEO_std_8_coef,2375.724712037037,248.00480101371656
app_LT_TKEO_std_9_coef,4755.825394708995,493.1584035925552
app_LT_TKEO_std_10_coef,9506.768361904762,988.7687096098134
tqwt_energy_dec_1,0.0005133022396825396,0.0027755742697191587
tqwt_energy_dec_2,0.0005277680834656085,0.0025271947484661827
tqwt_energy_dec_3,0.0007584162402116402,0.003370123976812561
tqwt_energy_dec_4,0.0009931822666666666,0.003680934375672338
tqwt_energy_dec_5,0.001068640756084656,0.004027836909881678
tqwt_energy_dec_6,0.0008582474427248678,0.0033725730297886757
tqwt_energy_dec_7,0.0008581346957671957,0.002140742535087476
tqwt_energy_dec_8,0.0014181883068783068,0.0028947252551136185
tqwt_energy_dec_9,0.002001334365079365,0.003393206383242538
tqwt_energy_dec_10,0.0021908642989417987,0.0058948872891445665
tqwt_energy_dec_11,0.00216299623015873,0.00568288812345018
tqwt_energy_dec_12,0.005960120052910053,0.01128633730813426
tqwt_energy_dec_13,0.01934424386243386,0.027070398538268335
tqwt_energy_dec_14,0.03790510240740741,0.037702653248754395
tqwt_energy_dec_15,0.05381576866402116,0.04879050504245122
tqwt_energy_dec_16,0.08179474677248678,0.07015040700016219
tqwt_energy_dec_17,0.12054678847883597,0.07689590675790123
tqwt_energy_dec_18,0.12733851296296295,0.08388688230150325
tqwt_energy_dec_19,0.0844957652116402,0.06877932851901145
tqwt_energy_dec_20,0.04851935714285715,0.04200842172993144
tqwt_energy_dec_21,0.037780950820105824,0.03820351251059279
tqwt_energy_dec_22,0.03550831791005291,0.04036825267901351
tqwt_energy_dec_23,0.04772491760582011,0.058351105292217986
tqwt_energy_dec_24,0.07383435439153439,0.08657267077016563
tqwt_energy_dec_25,0.0793499190515873,0.08726861129240582
tqwt_energy_dec_26,0.061251415850529095,0.07936388327904048
tqwt_energy_dec_27,0.04240668544312169,0.08527196007373715
tqwt_energy_dec_28,0.018570534839947094,0.049404077369534886
tqwt_energy_dec_29,0.00479660549074074,0.028123133977568646
tqwt_energy_dec_30,0.0009243963835978837,0.004754803532043965
tqwt_energy_dec_31,0.0008216863531746032,0.0027684273547373805
tqwt_energy_dec_32,0.0009745202883597884,0.004800182648603872
tqwt_energy_dec_33,0.0008776970158730157,0.00608681599507467
tqwt_energy_dec_34,0.0004026590370370371,0.0026558127769201133
tqwt_energy_dec_35,0.00025347926653439154,0.0013439276016239867
tqwt_energy_dec_36,0.0014502334854497355,0.007008073785316088
tqwt_entropy_shannon_dec_1,5.459927128465608,10.569049396054451
tqwt_entropy_shannon_dec_2,6.15214157265873,12.319348806075435
tqwt_entropy_shannon_dec_3,8.777005723439155,18.280344397546617
tqwt_entropy_shannon_dec_4,12.643688602486773,28.805192471161973
tqwt_entropy_shannon_dec_5,16.78025532628307,41.07281253791719
tqwt_entropy_shannon_dec_6,16.550796227843918,39.13822335438255
tqwt_entropy_shannon_dec_7,20.722838098637567,38.40094516745596
tqwt_entropy_shannon_dec_8,32.709656517817464,52.08068272663847
tqwt_entropy_shannon_dec_9,41.94545812962963,49.625814105965354
tqwt_entropy_shannon_dec_10,41.96320154576719,56.255054352406816
tqwt_entropy_shannon_dec_11,41.05071496626984,71.33574992339975
tqwt_entropy_shannon_dec_12,101.12563983306879,189.44817605987092
tqwt_entropy_shannon_dec_13,258.9751831031746,352.50199913698253
tqwt_entropy_shannon_dec_14,420.9166054497354,424.29585377857154
tqwt_entropy_shannon_dec_15,503.2949537962963,452.3341033627432
tqwt_entropy_shannon_dec_16,602.7512862698412,505.69362072163375
tqwt_entropy_shannon_dec_17,682.7747991402116,478.20802175591933
tqwt_entropy_shannon_dec_18,593.8031345767197,388.98112406713875
tqwt_entropy_shannon_dec_19,428.3786669761905,302.7493388959269
tqwt_entropy_shannon_dec_20,298.3988806481481,206.6097783657754
tqwt_entropy_shannon_dec_21,235.83584535714286,180.98544583839873
tqwt_entropy_shannon_dec_22,211.26911902116402,151.57121308544492
tqwt_entropy_shannon_dec_23,196.0577594312169,151.44111036220085
tqwt_entropy_shannon_dec_24,155.24406956349208,295.02141246394575
tqwt_entropy_shannon_dec_25,90.35146803835978,315.2187265647433
tqwt_entropy_shannon_dec_26,42.65079274603173,354.66089342109456
tqwt_entropy_shannon_dec_27,-47.66418937962963,713.901105742906
tqwt_entropy_shannon_dec_28,-6.0477228240740715,229.02460529188147
tqwt_entropy_shannon_dec_29,-11.458492055291005,315.94531628428047
tqwt_entropy_shannon_dec_30,3.7182079432539683,12.81130614023367
tqwt_entropy_shannon_dec_31,4.328941185978836,8.417169881191565
tqwt_entropy_shannon_dec_32,2.4212195378306878,25.048453293676125
tqwt_entropy_shannon_dec_33,1.4856537825396827,18.30185206284371
tqwt_entropy_shannon_dec_34,1.9151564658068785,5.338957277344348
tqwt_entropy_shannon_dec_35,1.5575902418915344,3.9182359732684104
tqwt_entropy_shannon_dec_36,5.140285141481481,9.156394462572607
tqwt_entropy_log_dec_1,-1854325.7732497354,275321.6734865306
tqwt_entropy_log_dec_2,-1543459.3207202384,258239.43290355775
tqwt_entropy_log_dec_3,-1246305.2735068784,229679.5690656976
tqwt_entropy_log_dec_4,-1007749.267338492,203991.82743646784
tqwt_entropy_log_dec_5,-816580.1685522487,179605.32186791507
tqwt_entropy_log_dec_6,-651848.4251775133,139426.7436044811
tqwt_entropy_log_dec_7,-508730.51331560843,99631.41255114267
tqwt_entropy_log_dec_8,-395772.3831719577,76521.72301055811
tqwt_entropy_log_dec_9,-311401.31473201065,61222.41793594427
tqwt_entropy_log_dec_10,-254167.23299338625,51086.845613921556
tqwt_entropy_log_dec_11,-212441.40912486773,43681.6051802059
tqwt_entropy_log_dec_12,-158528.1394095238,40278.30513530104
tqwt_entropy_log_dec_13,-107084.10453227513,31870.29827448515
tqwt_entropy_log_dec_14,-76343.11064312169,24869.99988267605
tqwt_entropy_log_dec_15,-58082.50793743385,20762.364638536517
tqwt_entropy_log_dec_16,-43337.09181587301,17715.514352624497
tqwt_entropy_log_dec_17,-31120.02636666667,14082.911272055431
tqwt_entropy_log_dec_18,-24341.752237962966,11045.419165283423
tqwt_entropy_log_dec_19,-21517.09963941799,8318.329807683012
tqwt_entropy_log_dec_20,-19059.96138227513,6423.673945437554
tqwt_entropy_log_dec_21,-16195.209541005292,5537.817784357716
tqwt_entropy_log_dec_22,-13029.696600661375,4522.377220637663
tqwt_entropy_log_dec_23,-10245.867331084655,3987.2766060539707
tqwt_entropy_log_dec_24,-7674.441461375662,3745.4438857147666
tqwt_entropy_log_dec_25,-6518.949068121693,4174.468912163842
tqwt_entropy_log_dec_26,-6734.555134880952,4487.450435965369
tqwt_entropy_log_dec_27,-7385.743838492064,3950.843188667164
tqwt_entropy_log_dec_28,-7518.710564417989,2957.071816369092
tqwt_entropy_log_dec_29,-6940.966860978837,1834.773119168356
tqwt_entropy_log_dec_30,-5951.439079497354,1344.0341308437935
tqwt_entropy_log_dec_31,-4861.804704232804,1169.5229406882524
tqwt_entropy_log_dec_32,-4038.8965789682534,1028.3299547708084
tqwt_entropy_log_dec_33,-3539.5703775132274,866.4136536604594
tqwt_entropy_log_dec_34,-3153.1690604497353,802.3348953201971
tqwt_entropy_log_dec_35,-2677.4066408730164,719.7201407077719
tqwt_entropy_log_dec_36,-2553.8766490740745,870.3071219738075
tqwt_TKEO_mean_dec_1,7.315906225132275e-06,1.729498865895104e-05
tqwt_TKEO_mean_dec_2,1.1062275309788359e-05,2.600961345185723e-05
tqwt_TKEO_mean_dec_3,2.0338666533201056e-05,5.2041759376773965e-05
tqwt_TKEO_mean_dec_4,3.8527477156878305e-05,0.0001288088011627482
tqwt_TKEO_mean_dec_5,7.697982702486772e-05,0.00029231831101014485
tqwt_TKEO_mean_dec_6,8.607129076534391e-05,0.00038490291613478724
tqwt_TKEO_mean_dec_7,0.00010898089518915344,0.0002752831857040145
tqwt_TKEO_mean_dec_8,0.0002458540026587302,0.0005842788573204368
tqwt_TKEO_mean_dec_9,0.00039796557773809523,0.0005401873978381822
tqwt_TKEO_mean_dec_10,0.0005151115187830688,0.000806734943004874
tqwt_TKEO_mean_dec_11,0.0005199276661375661,0.0011973034496579492
tqwt_TKEO_mean_dec_12,0.0016988410201058204,0.004468846979407804
tqwt_TKEO_mean_dec_13,0.008783008354497353,0.021367205330724694
tqwt_TKEO_mean_dec_14,0.022227881957671957,0.033274091202639244
tqwt_TKEO_mean_dec_15,0.03581888099206349,0.044651546315983746
tqwt_TKEO_mean_dec_16,0.06532549488095239,0.08722010485920732
tqwt_TKEO_mean_dec_17,0.12361775013227515,0.14786783381163598
tqwt_TKEO_mean_dec_18,0.16078343507936507,0.20611324980599346
tqwt_TKEO_mean_dec_19,0.11235057871693122,0.16418084912229897
tqwt_TKEO_mean_dec_20,0.0647761547883598,0.09365152756074432
tqwt_TKEO_mean_dec_21,0.06444248993386242,0.11659130347826238
tqwt_TKEO_mean_dec_22,0.0663468367989418,0.10799853238522963
tqwt_TKEO_mean_dec_23,0.09148125892857144,0.17040587964606327
tqwt_TKEO_mean_dec_24,0.2064676767857143,0.3975516591216226
tqwt_TKEO_mean_dec_25,0.3211890416666667,0.5630281946835549
tqwt_TKEO_mean_dec_26,0.28861321144179897,0.5526194056043918
tqwt_TKEO_mean_dec_27,0.23571621816137567,0.8806391699451759
tqwt_TKEO_mean_dec_28,0.09767080317460317,0.4152836752584444
tqwt_TKEO_mean_dec_29,0.045460815211640214,0.4989230608503289
tqwt_TKEO_mean_dec_30,0.007593880136243385,0.07067873522657758
tqwt_TKEO_mean_dec_31,0.006106794916666667,0.02163818452182826
tqwt_TKEO_mean_dec_32,0.010217775648148148,0.078140205173921
tqwt_TKEO_mean_dec_33,0.010144752652116404,0.08108541778514637
tqwt_TKEO_mean_dec_34,0.004274065232804232,0.01851449005354866
tqwt_TKEO_mean_dec_35,0.003896513133597884,0.01451519469030524
tqwt_TKEO_mean_dec_36,0.016775871355820107,0.046594796674506146
tqwt_TKEO_std_dec_1,3.0743380151984124e-05,4.7004561394307126e-05
tqwt_TKEO_std_dec_2,3.0587923999074076e-05,7.165140580545063e-05
tqwt_TKEO_std_dec_3,5.391078304854498e-05,0.00015385301881625573
tqwt_TKEO_std_dec_4,9.896091772605821e-05,0.00038635191569841846
tqwt_TKEO_std_dec_5,0.00019120768123386244,0.0008947111981577889
tqwt_TKEO_std_dec_6,0.00021085097193412701,0.0012364607526288624
tqwt_TKEO_std_dec_7,0.00019666050469444444,0.0004869291627812147
tqwt_TKEO_std_dec_8,0.00039934776529100535,0.0008652918397702957
tqwt_TKEO_std_dec_9,0.0006350967784391534,0.000882723744673723
tqwt_TKEO_std_dec_10,0.0007351949185185186,0.00112460128350315
tqwt_TKEO_std_dec_11,0.0007995430502645502,0.0016212615921506917
tqwt_TKEO_std_dec_12,0.0018144429907407406,0.003680465044421645
tqwt_TKEO_std_dec_13,0.007393367375661375,0.013994032142321712
tqwt_TKEO_std_dec_14,0.019751154142857146,0.026711633782177627
tqwt_TKEO_std_dec_15,0.03394918092592593,0.03886500382334951
tqwt_TKEO_std_dec_16,0.052009409285714285,0.057123334916618
tqwt_TKEO_std_dec_17,0.08519404134920634,0.0935105906685711
tqwt_TKEO_std_dec_18,0.10392498654761904,0.11057736033048036
tqwt_TKEO_std_dec_19,0.07740869476190476,0.09023821818896773
tqwt_TKEO_std_dec_20,0.04769186215608466,0.07296774111203404
tqwt_TKEO_std_dec_21,0.03649821925925926,0.05455402506616334
tqwt_TKEO_std_dec_22,0.03478549349206349,0.051521236765544765
tqwt_TKEO_std_dec_23,0.04940179248677248,0.09982601075819059
tqwt_TKEO_std_dec_24,0.08987104084656086,0.17297745196454933
tqwt_TKEO_std_dec_25,0.12408174144179893,0.21559090255385305
tqwt_TKEO_std_dec_26,0.11151709041005291,0.21155469885875447
tqwt_TKEO_std_dec_27,0.08512232002645503,0.28761536865239595
tqwt_TKEO_std_dec_28,0.04623857556878307,0.1903645546052266
tqwt_TKEO_std_dec_29,0.01996501083333333,0.14609514841039473
tqwt_TKEO_std_dec_30,0.00782666468121693,0.04877164992537325
tqwt_TKEO_std_dec_31,0.007826740291005291,0.024501045009532544
tqwt_TKEO_std_dec_32,0.011044465555555556,0.07196291820908395
tqwt_TKEO_std_dec_33,0.009236063984126986,0.05750489934993559
tqwt_TKEO_std_dec_34,0.006041161735449735,0.022408357322238327
tqwt_TKEO_std_dec_35,0.006040858067460317,0.02003986298181725
tqwt_TKEO_std_dec_36,0.03123142698941799,0.09273588683528912
tqwt_medianValue_dec_1,8.206734126983493e-08,1.4735822157417833e-06
tqwt_medianValue_dec_2,1.6233653306876524e-07,2.240526376109156e-06
tqwt_medianValue_dec_3,-6.295284391526147e-08,2.5304272813064926e-06
tqwt_medianValue_dec_4,-2.1215001719576793e-07,4.356328281640116e-06
tqwt_medianValue_dec_5,-7.141018518517879e-08,5.700842251470857e-06
tqwt_medianValue_dec_6,6.219598015870317e-07,8.714292806013075e-06
tqwt_medianValue_dec_7,7.387975132275132e-07,1.3167031196953239e-05
tqwt_medianValue_dec_8,-6.953105820105665e-07,1.4249000003992826e-05
tqwt_medianValue_dec_9,2.062633597883581e-06,3.504743466757675e-05
tqwt_medianValue_dec_10,-7.731374338624455e-07,4.842131317976249e-05
tqwt_medianValue_dec_11,3.039095066137644e-06,5.4328432113023415e-05
tqwt_medianValue_dec_12,-2.5856667195770867e-06,4.219675502457382e-05
tqwt_medianValue_dec_13,3.86498293650686e-06,0.00010908811954706167
tqwt_medianValue_dec_14,1.1016152843915371e-05,0.0006066365508594245
tqwt_medianValue_dec_15,-5.1225134920634904e-05,0.0011009334291701253
tqwt_medianValue_dec_16,2.2316785714285803e-05,0.0004315769726228494
tqwt_medianValue_dec_17,0.00010759021164021175,0.0006322453172087581
tqwt_medianValue_dec_18,-5.114845238095049e-05,0.0007282876268051262
tqwt_medianValue_dec_19,-0.00016736577777777775,0.002413702007514047
tqwt_medianValue_dec_20,7.464714285714281e-05,0.0006107155726887979
tqwt_medianValue_dec_21,-2.4286097883597103e-05,0.0006591597866905202
tqwt_medianValue_dec_22,-0.00010981604497354554,0.0008990341126024375
tqwt_medianValue_dec_23,5.6566600529103875e-05,0.0011618832912865696
tqwt_medianValue_dec_24,-0.0001270894973544973,0.0018953308962871705
tqwt_medianValue_dec_25,0.00035083394973545016,0.002594241169317894
tqwt_medianValue_dec_26,-4.240377805555602e-05,0.001745793645765532
tqwt_medianValue_dec_27,0.00021593599735449736,0.004403872506623003
tqwt_medianValue_dec_28,-0.0005229328690476191,0.007254871975324505
tqwt_medianValue_dec_29,-0.0002589145171957671,0.0035952291759142165
tqwt_medianValue_dec_30,3.678921878306877e-05,0.000600286265147941
tqwt_medianValue_dec_31,5.720321560846564e-05,0.0009401583832530595
tqwt_medianValue_dec_32,-2.132178571428553e-06,0.0012299634413402184
tqwt_medianValue_dec_33,1.504070105820106e-05,0.001132355611725873
tqwt_medianValue_dec_34,6.661572751322758e-06,0.0012277747771498387
tqwt_medianValue_dec_35,6.544228174603178e-05,0.001155618616710941
tqwt_medianValue_dec_36,-0.005152842724867724,0.007403643847861372
tqwt_meanValue_dec_1,-4.218212698412699e-22,3.601024365198852e-21
tqwt_meanValue_dec_2,-1.4819291005291044e-23,3.3532683139250065e-21
tqwt_meanValue_dec_3,-9.325842989417992e-23,4.156377946220871e-21
tqwt_meanValue_dec_4,1.5560647751322748e-22,4.744981081345883e-21
tqwt_meanValue_dec_5,3.546514285714286e-22,5.627963930755893e-21
tqwt_meanValue_dec_6,3.5918726190476194e-22,7.920744937094515e-21
tqwt_meanValue_dec_7,-1.6018550132275134e-21,1.8766994914140724e-20
tqwt_meanValue_dec_8,1.0271164021164058e-22,1.579157963208192e-20
tqwt_meanValue_dec_9,3.6748412698412684e-22,2.1506025397638923e-20
tqwt_meanValue_dec_10,2.217592592592583e-23,2.1716838989869572e-20
tqwt_meanValue_dec_11,1.048903835978836e-21,4.5541458399005196e-20
tqwt_meanValue_dec_12,2.1613902116402138e-21,6.790919637562505e-20
tqwt_meanValue_dec_13,-2.7008365079365057e-21,1.5393167816631787e-19
tqwt_meanValue_dec_14,2.8414788359788402e-21,2.5118030188228e-19
tqwt_meanValue_dec_15,3.1069947089947053e-21,4.14885145694382e-19
tqwt_meanValue_dec_16,2.0682862433862438e-20,2.5383468624879103e-19
tqwt_meanValue_dec_17,2.349417989417988e-21,2.41631911963687e-19
tqwt_meanValue_dec_18,-7.433219576719576e-20,6.8034477178345305e-19
tqwt_meanValue_dec_19,-5.95877380952381e-20,9.597473098521024e-19
tqwt_meanValue_dec_20,4.275846560846554e-21,2.2610694950521255e-19
tqwt_meanValue_dec_21,-7.882212962962967e-21,5.746956978254956e-19
tqwt_meanValue_dec_22,6.96746031746031e-22,7.147982022277997e-19
tqwt_meanValue_dec_23,-9.884867724867716e-21,1.0624583850764824e-18
tqwt_meanValue_dec_24,-1.9359784391534394e-20,5.046074356992536e-19
tqwt_meanValue_dec_25,-4.410779100529102e-20,5.371581032949057e-19
tqwt_meanValue_dec_26,-5.366214285714284e-20,1.1792205013734662e-18
tqwt_meanValue_dec_27,7.631408730158727e-20,1.6553511026628795e-18
tqwt_meanValue_dec_28,-5.939166666666665e-20,1.3278882673024605e-18
tqwt_meanValue_dec_29,1.3848108465608454e-21,5.561049849002016e-19
tqwt_meanValue_dec_30,6.4917962962962934e-21,2.3200214557223846e-19
tqwt_meanValue_dec_31,-1.1706957671957671e-20,2.6431759579431e-19
tqwt_meanValue_dec_32,-1.6809608465608475e-20,4.800370982663829e-19
tqwt_meanValue_dec_33,-5.3081018518518525e-20,7.723780789775552e-19
tqwt_meanValue_dec_34,-4.7920431216931224e-20,4.0792337286961267e-19
tqwt_meanValue_dec_35,-7.825589947089945e-21,2.931293953236287e-19
tqwt_meanValue_dec_36,-0.005193314984126984,0.007210183424401652
tqwt_stdValue_dec_1,0.0015938745634920637,0.0014742190707038572
tqwt_stdValue_dec_2,0.0018165864285714284,0.0018221304745857064
tqwt_stdValue_dec_3,0.0024511855687830686,0.0025045899230768886
tqwt_stdValue_dec_4,0.003284361759259259,0.003568399965289726
tqwt_stdValue_dec_5,0.004179045092592593,0.004909590552017954
tqwt_stdValue_dec_6,0.004737826243386244,0.00511612632572427
tqwt_stdValue_dec_7,0.00613227716931217,0.005586830574186368
tqwt_stdValue_dec_8,0.008977353822751324,0.0078311363807914
tqwt_stdValue_dec_9,0.011831580198412699,0.009270868090420239
tqwt_stdValue_dec_10,0.012938840502645502,0.010679454182498556
tqwt_stdValue_dec_11,0.013483659761904764,0.01329605138023833
tqwt_stdValue_dec_12,0.024785813955026458,0.0275822452584128
tqwt_stdValue_dec_13,0.0546926303968254,0.05107404129374241
tqwt_stdValue_dec_14,0.09055634190476189,0.06953350571674936
tqwt_stdValue_dec_15,0.12033521197089946,0.08706746841757688
tqwt_stdValue_dec_16,0.16329404616402116,0.11881552419582661
tqwt_stdValue_dec_17,0.22410024563492062,0.14861940554698483
tqwt_stdValue_dec_18,0.2471559628306878,0.16412012269023202
tqwt_stdValue_dec_19,0.20718812738095238,0.14074266155300477
tqwt_stdValue_dec_20,0.16610013095238094,0.1040869789941237
tqwt_stdValue_dec_21,0.15730772037037039,0.11076451469078648
tqwt_stdValue_dec_22,0.16524831600529102,0.11094975960329076
tqwt_stdValue_dec_23,0.19601899854497354,0.1449733344634977
tqwt_stdValue_dec_24,0.26811996746031747,0.2271592075379964
tqwt_stdValue_dec_25,0.3139304267195767,0.2812018997084394
tqwt_stdValue_dec_26,0.2747683465608466,0.2948708228071793
tqwt_stdValue_dec_27,0.18373743544973548,0.3011006660421217
tqwt_stdValue_dec_28,0.10108922371693121,0.21343115914475427
tqwt_stdValue_dec_29,0.0481958662962963,0.14293203714153271
tqwt_stdValue_dec_30,0.03093888503968254,0.06461274879213023
tqwt_stdValue_dec_31,0.03250316015873016,0.043746692889422796
tqwt_stdValue_dec_32,0.03421472624338624,0.05353118172414146
tqwt_stdValue_dec_33,0.029270373386243383,0.054536743581472195
tqwt_stdValue_dec_34,0.024574908809523812,0.04191527682768252
tqwt_stdValue_dec_35,0.024332985238095243,0.03876293768972498
tqwt_stdValue_dec_36,0.05788359574074074,0.08359984874245333
tqwt_minValue_dec_1,-0.04137530501322752,0.02708359603754156
tqwt_minValue_dec_2,-0.024989142513227515,0.018305608975873813
tqwt_minValue_dec_3,-0.02935753784391534,0.022763921461557722
tqwt_minValue_dec_4,-0.03498947567460318,0.029694014421391555
tqwt_minValue_dec_5,-0.04223035398148148,0.03959373913434745
tqwt_minValue_dec_6,-0.044060300502645505,0.042703239795379
tqwt_minValue_dec_7,-0.04718732743386243,0.034195647630232494
tqwt_minValue_dec_8,-0.059330860753968255,0.04212050335913981
tqwt_minValue_dec_9,-0.0705433410978836,0.04898463346218707
tqwt_minValue_dec_10,-0.07475819993386243,0.0523309218480766
tqwt_minValue_dec_11,-0.0798616178968254,0.05944970181499082
tqwt_minValue_dec_12,-0.11276742535714288,0.08793004494748582
tqwt_minValue_dec_13,-0.19399989444444443,0.14908832980375297
tqwt_minValue_dec_14,-0.3026334415343916,0.2054408799912195
tqwt_minValue_dec_15,-0.3865235189153439,0.2494385454437804
tqwt_minValue_dec_16,-0.48007165423280423,0.29913815782820385
tqwt_minValue_dec_17,-0.5999219981481481,0.3470960212223826
tqwt_minValue_dec_18,-0.6461898174603175,0.3683416350362304
tqwt_minValue_dec_19,-0.5411560907407408,0.32544131034023377
tqwt_minValue_dec_20,-0.42928024986772484,0.2574095443577177
tqwt_minValue_dec_21,-0.38580309788359785,0.23645996491278254
tqwt_minValue_dec_22,-0.3955784246031746,0.23802610257153223
tqwt_minValue_dec_23,-0.4614690436507936,0.31410310945253694
tqwt_minValue_dec_24,-0.5822695727513227,0.44525704806394323
tqwt_minValue_dec_25,-0.6537715833333333,0.5282190948943692
tqwt_minValue_dec_26,-0.5937428996031745,0.5549810723801537
tqwt_minValue_dec_27,-0.42629975,0.5545579537086521
tqwt_minValue_dec_28,-0.27455074484126984,0.42072619792484284
tqwt_minValue_dec_29,-0.1723298812169312,0.284458856035816
tqwt_minValue_dec_30,-0.1378246847883598,0.1749366606987563
tqwt_minValue_dec_31,-0.12356232063492065,0.13626276090120437
tqwt_minValue_dec_32,-0.11963938835978837,0.15123014949789423
tqwt_minValue_dec_33,-0.10464148478835979,0.1431923988650679
tqwt_minValue_dec_34,-0.09334561526455026,0.13082279447101172
tqwt_minValue_dec_35,-0.09142162133597884,0.1282735425911631
tqwt_minValue_dec_36,-0.22921505247354496,0.32010687764500456
tqwt_maxValue_dec_1,0.04176683763227513,0.02626619835223922
tqwt_maxValue_dec_2,0.02519498798941799,0.017932647273576796
tqwt_maxValue_dec_3,0.029413036917989417,0.022619786350638736
tqwt_maxValue_dec_4,0.03487716608465608,0.029635505828688128
tqwt_maxValue_dec_5,0.042451895515873014,0.039637154495417375
tqwt_maxValue_dec_6,0.04397034002645503,0.042011334650395964
tqwt_maxValue_dec_7,0.04735377046296296,0.034498195160154184
tqwt_maxValue_dec_8,0.05929725744708994,0.04182365628736192
tqwt_maxValue_dec_9,0.07091140207671956,0.04882038672693617
tqwt_maxValue_dec_10,0.07464621712962963,0.051684836726000175
tqwt_maxValue_dec_11,0.07872362899470899,0.05746962233750464
tqwt_maxValue_dec_12,0.11281338461640211,0.08794241071152313
tqwt_maxValue_dec_13,0.19320613240740742,0.14706472150331754
tqwt_maxValue_dec_14,0.30208187976190476,0.2055320894789592
tqwt_maxValue_dec_15,0.38740485383597884,0.25125351605765633
tqwt_maxValue_dec_16,0.4778599082010582,0.2996004038982344
tqwt_maxValue_dec_17,0.5998253711640212,0.3467253661318636
tqwt_maxValue_dec_18,0.6472650753968254,0.36937996079536395
tqwt_maxValue_dec_19,0.5409025462962963,0.3269904996698217
tqwt_maxValue_dec_20,0.4302396559523809,0.2579345439436164
tqwt_maxValue_dec_21,0.3873074880952381,0.23764200074043534
tqwt_maxValue_dec_22,0.3963130383597883,0.23825425682961168
tqwt_maxValue_dec_23,0.462022052910053,0.31242262312401164
tqwt_maxValue_dec_24,0.5833460529100528,0.44494924679355524
tqwt_maxValue_dec_25,0.6534556481481482,0.528746269161169
tqwt_maxValue_dec_26,0.5928262817460318,0.5529004179534752
tqwt_maxValue_dec_27,0.4238478670634921,0.5533904523338679
tqwt_maxValue_dec_28,0.2723111398148148,0.4196619239097669
tqwt_maxValue_dec_29,0.17117767579365079,0.28722736140742355
tqwt_maxValue_dec_30,0.1372711335978836,0.17486504930225916
tqwt_maxValue_dec_31,0.12217619259259262,0.13437572828690264
tqwt_maxValue_dec_32,0.1190741167989418,0.14643127996390395
tqwt_maxValue_dec_33,0.10404812910052912,0.14729669067550621
tqwt_maxValue_dec_34,0.09425586604497356,0.13267955840530657
tqwt_maxValue_dec_35,0.09305921301587301,0.13266514032938403
tqwt_maxValue_dec_36,0.22555325623015873,0.3351070013006382
tqwt_skewnessValue_dec_1,0.14300804744709006,6.060311237354441
tqwt_skewnessValue_dec_2,0.03059639571428573,2.0491561032774364
tqwt_skewnessValue_dec_3,0.008353048055556086,0.09700437237360632
tqwt_skewnessValue_dec_4,0.011769306679894185,1.0984259101013
tqwt_skewnessValue_dec_5,0.0018790501587286578,0.05894040424652906
tqwt_skewnessValue_dec_6,0.015105789920634936,0.67569383915532
tqwt_skewnessValue_dec_7,-0.0015667946825396845,0.18637763324176915
tqwt_skewnessValue_dec_8,0.0007232985714285216,0.021713175363238323
tqwt_skewnessValue_dec_9,0.0010534924338624337,0.07123130624385797
tqwt_skewnessValue_dec_10,-0.002332002486772488,0.10161672450174875
tqwt_skewnessValue_dec_11,-0.0025940254894179925,0.10835190273730856
tqwt_skewnessValue_dec_12,0.000110372566137586,0.02362881552719642
tqwt_skewnessValue_dec_13,0.00021746886243384717,0.00794557739438864
tqwt_skewnessValue_dec_14,0.00036010347883597897,0.01478014510867376
tqwt_skewnessValue_dec_15,-0.0005836260052910053,0.019062170466902378
tqwt_skewnessValue_dec_16,0.00018696156084656044,0.0070775917583657515
tqwt_skewnessValue_dec_17,-0.0003649439153439136,0.009272311321233078
tqwt_skewnessValue_dec_18,5.4051785714287294e-05,0.005551191838479822
tqwt_skewnessValue_dec_19,-8.212787037037036e-05,0.017448061827813666
tqwt_skewnessValue_dec_20,-0.0001650145238095223,0.007802313907904666
tqwt_skewnessValue_dec_21,-0.0006980031746031741,0.006662640118101284
tqwt_skewnessValue_dec_22,0.00019132228439153661,0.008902501050380394
tqwt_skewnessValue_dec_23,0.00012027331481481386,0.006742477534987023
tqwt_skewnessValue_dec_24,-0.0049470985542328025,0.07668746712658908
tqwt_skewnessValue_dec_25,-0.014735805206349196,0.16767146978292788
tqwt_skewnessValue_dec_26,0.011726051802910057,0.3141418889008748
tqwt_skewnessValue_dec_27,0.0063726675793650675,0.9653462312388289
tqwt_skewnessValue_dec_28,-0.0502953762830688,1.098128413309015
tqwt_skewnessValue_dec_29,-0.04901217494708994,0.9776460067661067
tqwt_skewnessValue_dec_30,0.0003857914417989358,0.19401736942591455
tqwt_skewnessValue_dec_31,-0.0795943651984127,0.7317701204335418
tqwt_skewnessValue_dec_32,-0.051185413769841266,0.7332038187999782
tqwt_skewnessValue_dec_33,-0.054733200899470896,0.7413690868476563
tqwt_skewnessValue_dec_34,-0.04183984023809525,0.8518983587225092
tqwt_skewnessValue_dec_35,-0.015615121216931226,0.8520164375360213
tqwt_skewnessValue_dec_36,-0.005241511600529113,2.722928005028754
tqwt_kurtosisValue_dec_1,1059.1466115079365,2938.92449614519
tqwt_kurtosisValue_dec_2,377.3574386243386,1346.402962813438
tqwt_kurtosisValue_dec_3,328.9278601851852,1202.2146181608093
tqwt_kurtosisValue_dec_4,317.99443888888885,1157.2303394912537
tqwt_kurtosisValue_dec_5,305.036007010582,1114.7817462644691
tqwt_kurtosisValue_dec_6,172.36274629629628,735.5824090547914
tqwt_kurtosisValue_dec_7,40.408661904761914,184.65373942789205
tqwt_kurtosisValue_dec_8,15.064513227513228,45.48196719662639
tqwt_kurtosisValue_dec_9,12.107315608465608,44.86275749521855
tqwt_kurtosisValue_dec_10,11.75794484126984,43.21489136112241
tqwt_kurtosisValue_dec_11,11.871530423280424,24.054971235216474
tqwt_kurtosisValue_dec_12,9.529079761904761,22.68399863287457
tqwt_kurtosisValue_dec_13,3.741615211640212,3.0359687249243112
tqwt_kurtosisValue_dec_14,3.33231335978836,2.0638094629635684
tqwt_kurtosisValue_dec_15,3.2702896825396826,1.594592415838914
tqwt_kurtosisValue_dec_16,2.9954719576719575,1.1507825846675799
tqwt_kurtosisValue_dec_17,2.71067791005291,1.0213697497493726
tqwt_kurtosisValue_dec_18,2.6082291005291003,0.9524723798317453
tqwt_kurtosisValue_dec_19,2.5534570105820107,0.8047628387045309
tqwt_kurtosisValue_dec_20,2.4320013227513226,0.7389242662665576
tqwt_kurtosisValue_dec_21,2.3000056878306876,0.6681041108523884
tqwt_kurtosisValue_dec_22,2.183110582010582,0.6381944310560165
tqwt_kurtosisValue_dec_23,2.17654246031746,1.1562532222342088
tqwt_kurtosisValue_dec_24,2.5952497354497357,3.7188657959993936
tqwt_kurtosisValue_dec_25,6.7826681216931215,28.317889890819885
tqwt_kurtosisValue_dec_26,15.766941798941799,38.48874188339304
tqwt_kurtosisValue_dec_27,21.026054232804235,37.16216316450258
tqwt_kurtosisValue_dec_28,26.237250793650794,35.52568669613231
tqwt_kurtosisValue_dec_29,22.840337169312168,25.893490526320885
tqwt_kurtosisValue_dec_30,18.587887566137564,20.057960410840533
tqwt_kurtosisValue_dec_31,13.872017592592591,16.069664821758145
tqwt_kurtosisValue_dec_32,12.218952777777778,14.661893972563002
tqwt_kurtosisValue_dec_33,12.375334656084656,13.354262026107515
tqwt_kurtosisValue_dec_34,14.799230291005292,12.378443307620966
tqwt_kurtosisValue_dec_35,14.75155873015873,11.523975887498327
tqwt_kurtosisValue_dec_36,31.481110317460317,29.458775885029116
status,0.746031746031746,0.4361458861985692
